,1,2,3,4,5,6,7,8,9,10,accuracy,macro avg,weighted avg
precision,0.0,0.0,0.1111111111111111,0.07142857142857142,0.16666666666666666,0.08333333333333333,0.1,0.0,0.15384615384615385,0.3333333333333333,0.1,0.10197191697191696,0.11051587301587301
recall,0.0,0.0,0.1,0.08333333333333333,0.08333333333333333,0.09090909090909091,0.2,0.0,0.15384615384615385,0.2727272727272727,0.1,0.09841491841491842,0.1
f1-score,0.0,0.0,0.10526315789473684,0.07692307692307693,0.1111111111111111,0.08695652173913043,0.13333333333333333,0.0,0.15384615384615385,0.3,0.1,0.09674333548475425,0.10232230241154726
support,12.0,6.0,10.0,12.0,12.0,11.0,5.0,8.0,13.0,11.0,0.1,100.0,100.0
